session-1-group-1,t3tSPZJF9bZV-KPzAAAA,t.PJMZeVyRRHSksQrVHK7F
session-1-group-1,rlMa752sl52TEDxjAAAA,t.PJMZeVyRRHSksQrVHK7F
session-1-group-1,cDeNLeWfGdHN8baqAAAA,t.PJMZeVyRRHSksQrVHK7F
session-1-group-1,j2Mc3uzVl0kAfoztAAAA,t.PJMZeVyRRHSksQrVHK7F
hanuman,qUHzAsVtVF1WXJrtAAAB,t.PJMZeVyRRHSksQrVHK7F
hanuman,SK_F3-3Ont0rDAAhAAAC,t.PJMZeVyRRHSksQrVHK7F
hanuman,GNEwDA0xZLGU2dbhAAAD,t.PJMZeVyRRHSksQrVHK7F
hanuman,8Xka7J0BX4p3dQwcAAAE,t.PJMZeVyRRHSksQrVHK7F
hanuman,SJxeoah2CX4QLtQaAAAF,t.SmVwIYoIcnfNxmDwt9Go
hanuman,RKc-ljkt1YmrzyHBAAAG,t.PJMZeVyRRHSksQrVHK7F
hanuman,xeOVRGV58rQjlIDnAAAH,t.PJMZeVyRRHSksQrVHK7F
hanuman,I6Au08CwP9p7frBGAAAI,t.PJMZeVyRRHSksQrVHK7F
hanuman,K_I2_U2fXYQ7OmxpAAAJ,t.PJMZeVyRRHSksQrVHK7F
hanuman,bjlmniOp2Vgvo8ewAAAA,t.PJMZeVyRRHSksQrVHK7F
hanuman,YlF9kMRSBOua26KdAAAB,t.SmVwIYoIcnfNxmDwt9Go
hanuman,XqgnnpqvZnQWD2dSAAAC,t.PJMZeVyRRHSksQrVHK7F
hanuman,s5FdtNO4ZWbd-piPAAAA,t.PJMZeVyRRHSksQrVHK7F
hanuman,QICA0niPYWOpCQphAAAB,t.SmVwIYoIcnfNxmDwt9Go
hanuman,msuN0PTbyPdzx0L1AAAC,t.SmVwIYoIcnfNxmDwt9Go
hanuman,QLiVpPK27figWvemAAAD,t.SmVwIYoIcnfNxmDwt9Go
hanuman,68rVkgDvJS2gslLPAAAE,t.SmVwIYoIcnfNxmDwt9Go
hanuman,CkcqCeNucPlHG59KAAAF,t.SmVwIYoIcnfNxmDwt9Go
hanuman,4nUlxSFQxCwhJRIaAAAG,t.PJMZeVyRRHSksQrVHK7F
hanuman,_TcHI8RRMznM6pbkAAAH,t.PJMZeVyRRHSksQrVHK7F
hanu,TAgtzY0LZ32SP2VPAAAA,t.PJMZeVyRRHSksQrVHK7F
session_6_group_1,l87xaS3q0CpXmYdwAAAB,t.PJMZeVyRRHSksQrVHK7F
session_6_group_1,6xiYBVwbgo3R0vP0AAAC,t.PJMZeVyRRHSksQrVHK7F
hanu,eT6FmY7mLMwc0wNbAAAD,t.PJMZeVyRRHSksQrVHK7F
session_6_group_1,HGxxAo2HNzf4DdVxAAAE,t.PJMZeVyRRHSksQrVHK7F
session_6_group_1,k7QVkwF-fBEETfKBAAAA,t.PJMZeVyRRHSksQrVHK7F
session_6_group_1,-wq7NRHHJITCjvGDAAAB,t.PJMZeVyRRHSksQrVHK7F
hanu,WltIbkSV8rIh__RYAAAA,t.PJMZeVyRRHSksQrVHK7F
g.01Xguor1PVJ2pYKl$session_2_group_1,VPr6GJxnjgdqqMP9AAAA,t.PJMZeVyRRHSksQrVHK7F
g.01Xguor1PVJ2pYKl$session_2_group_1,dyAhzpo6cldi_XIEAAAC,t.PJMZeVyRRHSksQrVHK7F
g.01Xguor1PVJ2pYKl$session_2_group_1,GaNPtbTxwcgHUrolAAAA,t.PJMZeVyRRHSksQrVHK7F
g.01Xguor1PVJ2pYKl$session_2_group_1,q8wy0V4zwD3NQ0roAAAB,t.PJMZeVyRRHSksQrVHK7F
g.01Xguor1PVJ2pYKl$session_2_group_1,p6mau6bMTj7SfQyUAAAC,t.PJMZeVyRRHSksQrVHK7F
g.01Xguor1PVJ2pYKl$session_2_group_1,VcP6BP70WXDPSn5XAAAI,t.pRtSfme0ZThsU38MYwWW
g.01Xguor1PVJ2pYKl$session_2_group_1,wTEKKiQaGTPH_d9dAAAJ,t.PJMZeVyRRHSksQrVHK7F
g.01Xguor1PVJ2pYKl$session_2_group_1,NZFzoGzXtQfcasHXAAAA,t.PJMZeVyRRHSksQrVHK7F
g.01Xguor1PVJ2pYKl$session_2_group_1,gYNGX4U23qo1199_AAAC,t.PJMZeVyRRHSksQrVHK7F
g.01Xguor1PVJ2pYKl$session_2_group_1,IA68vwvt3Bo9TV25AAAD,t.PJMZeVyRRHSksQrVHK7F
g.01Xguor1PVJ2pYKl$session_2_group_1,wqysT3m6WIcb3kV2AAAE,t.PJMZeVyRRHSksQrVHK7F
g.5MxQRz8xUzOnRsTh$session_1_group_1,YZUH597l21xxgREnAAAA,t.PJMZeVyRRHSksQrVHK7F
g.5MxQRz8xUzOnRsTh$session_1_group_1,SKE3-SxASI8FObv8AAAB,t.Xv3X497kTEDR2xSHSmpz
g.5MxQRz8xUzOnRsTh$session_1_group_1,odNVxaKcNN4KnvQ7AAAD,t.PJMZeVyRRHSksQrVHK7F
g.5MxQRz8xUzOnRsTh$session_1_group_1,8VGIr4CVD-5VkELNAAAA,t.PJMZeVyRRHSksQrVHK7F
g.5MxQRz8xUzOnRsTh$session_1_group_1,gdigluunvF-KP3uAAAAB,t.PJMZeVyRRHSksQrVHK7F
g.5MxQRz8xUzOnRsTh$session_1_group_1,ZH2INb__doXQ5clhAAAC,t.PJMZeVyRRHSksQrVHK7F
r.049cb58325a3de803a09220504bc3786,g6JejgEpCv5FoNiWAAAD,t.PJMZeVyRRHSksQrVHK7F
r.049cb58325a3de803a09220504bc3786,CWzYcP-L_zXzCDH8AAAE,t.PJMZeVyRRHSksQrVHK7F
r.049cb58325a3de803a09220504bc3786,DBRiPMSu41e9lUwcAAAF,t.PJMZeVyRRHSksQrVHK7F
g.5MxQRz8xUzOnRsTh$session_1_group_1,wYljzRK9BTO9i5VfAAAG,t.PJMZeVyRRHSksQrVHK7F
r.049cb58325a3de803a09220504bc3786,HQT7hvK-DD0ndKbfAAAI,t.PJMZeVyRRHSksQrVHK7F
r.049cb58325a3de803a09220504bc3786,W3CFn1sToHNpfbfnAAAA,t.PJMZeVyRRHSksQrVHK7F
r.049cb58325a3de803a09220504bc3786,bLejikrnTRSM9RqmAAAB,t.PJMZeVyRRHSksQrVHK7F
r.049cb58325a3de803a09220504bc3786,Fb8GgFaz0q1_GN9bAAAC,t.PJMZeVyRRHSksQrVHK7F
r.049cb58325a3de803a09220504bc3786,Vb5LWCJNUAYFJ8mXAAAD,t.PJMZeVyRRHSksQrVHK7F
r.049cb58325a3de803a09220504bc3786,12_lIwMeagqmQCn1AAAE,t.PJMZeVyRRHSksQrVHK7F
r.049cb58325a3de803a09220504bc3786,fGzjF4wSO3cL_xWHAAAF,t.PJMZeVyRRHSksQrVHK7F
r.049cb58325a3de803a09220504bc3786,LHD3LXptXGtWHuMmAAAG,t.PJMZeVyRRHSksQrVHK7F
r.049cb58325a3de803a09220504bc3786,3W8oRbNoreuJ19NkAAAH,t.PJMZeVyRRHSksQrVHK7F
r.049cb58325a3de803a09220504bc3786,4NJxuajLEmDAFAW2AAAJ,t.PJMZeVyRRHSksQrVHK7F
r.049cb58325a3de803a09220504bc3786,qv_4U50yKf23qwuyAAAK,t.PJMZeVyRRHSksQrVHK7F
r.049cb58325a3de803a09220504bc3786,y-hQZwiShVCrQC0TAAAL,t.PJMZeVyRRHSksQrVHK7F
r.049cb58325a3de803a09220504bc3786,4IylELrUjEtKR3jqAAAM,t.PJMZeVyRRHSksQrVHK7F
r.049cb58325a3de803a09220504bc3786,SJwmADZ9PCNt3YemAAAN,t.PJMZeVyRRHSksQrVHK7F
r.049cb58325a3de803a09220504bc3786,HDBdb28XjeZOyyBuAAAO,t.PJMZeVyRRHSksQrVHK7F
r.e0eb4a4a2c3f015aedcb0be4999c81d4,7uNaIY_51J3ngiEbAAAP,t.PJMZeVyRRHSksQrVHK7F
r.e0eb4a4a2c3f015aedcb0be4999c81d4,QQEWfDAowDjTt_EIAAAQ,t.PJMZeVyRRHSksQrVHK7F
r.049cb58325a3de803a09220504bc3786,tftq6ayRlbbnOhnlAAAR,t.PJMZeVyRRHSksQrVHK7F
g.5MxQRz8xUzOnRsTh$session_1_group_1,Ng18s5LaEnUCJqeeAAAS,t.PJMZeVyRRHSksQrVHK7F
r.049cb58325a3de803a09220504bc3786,VKMOEns7yxiaQKtRAAAF,t.PJMZeVyRRHSksQrVHK7F
r.049cb58325a3de803a09220504bc3786,3fUq3PlwW1KcPm6hAAAG,t.PJMZeVyRRHSksQrVHK7F
